<annotation>
	<folder>my-project-name</folder>
	<filename>01b04553-8472-40ce-9f00-8dff5a1a2777___FAM_L.Blight 4530_final_masked.jpg</filename>
	<path>/my-project-name/01b04553-8472-40ce-9f00-8dff5a1a2777___FAM_L.Blight 4530_final_masked.jpg</path>
	<source>
		<database>Unspecified</database>
	</source>
	<size>
		<width>256</width>
		<height>256</height>
		<depth>3</depth>
	</size>
	<object>
		<name>Leaf blight</name>
		<pose>Unspecified</pose>
		<truncated>Unspecified</truncated>
		<difficult>Unspecified</difficult>
		<bndbox>
			<xmin>104</xmin>
			<ymin>149</ymin>
			<xmax>116</xmax>
			<ymax>161</ymax>
		</bndbox>
	</object>
	<object>
		<name>Leaf blight</name>
		<pose>Unspecified</pose>
		<truncated>Unspecified</truncated>
		<difficult>Unspecified</difficult>
		<bndbox>
			<xmin>20</xmin>
			<ymin>152</ymin>
			<xmax>47</xmax>
			<ymax>168</ymax>
		</bndbox>
	</object>
	<object>
		<name>Leaf blight</name>
		<pose>Unspecified</pose>
		<truncated>Unspecified</truncated>
		<difficult>Unspecified</difficult>
		<bndbox>
			<xmin>171</xmin>
			<ymin>189</ymin>
			<xmax>187</xmax>
			<ymax>205</ymax>
		</bndbox>
	</object>
	<object>
		<name>Leaf blight</name>
		<pose>Unspecified</pose>
		<truncated>Unspecified</truncated>
		<difficult>Unspecified</difficult>
		<bndbox>
			<xmin>23</xmin>
			<ymin>140</ymin>
			<xmax>35</xmax>
			<ymax>150</ymax>
		</bndbox>
	</object>
	<object>
		<name>Leaf blight</name>
		<pose>Unspecified</pose>
		<truncated>Unspecified</truncated>
		<difficult>Unspecified</difficult>
		<bndbox>
			<xmin>35</xmin>
			<ymin>111</ymin>
			<xmax>51</xmax>
			<ymax>128</ymax>
		</bndbox>
	</object>
	<object>
		<name>Leaf blight</name>
		<pose>Unspecified</pose>
		<truncated>Unspecified</truncated>
		<difficult>Unspecified</difficult>
		<bndbox>
			<xmin>22</xmin>
			<ymin>92</ymin>
			<xmax>33</xmax>
			<ymax>104</ymax>
		</bndbox>
	</object>
	<object>
		<name>Leaf blight</name>
		<pose>Unspecified</pose>
		<truncated>Unspecified</truncated>
		<difficult>Unspecified</difficult>
		<bndbox>
			<xmin>35</xmin>
			<ymin>63</ymin>
			<xmax>45</xmax>
			<ymax>69</ymax>
		</bndbox>
	</object>
	<object>
		<name>Leaf blight</name>
		<pose>Unspecified</pose>
		<truncated>Unspecified</truncated>
		<difficult>Unspecified</difficult>
		<bndbox>
			<xmin>29</xmin>
			<ymin>71</ymin>
			<xmax>43</xmax>
			<ymax>82</ymax>
		</bndbox>
	</object>
	<object>
		<name>Leaf blight</name>
		<pose>Unspecified</pose>
		<truncated>Unspecified</truncated>
		<difficult>Unspecified</difficult>
		<bndbox>
			<xmin>47</xmin>
			<ymin>93</ymin>
			<xmax>62</xmax>
			<ymax>109</ymax>
		</bndbox>
	</object>
	<object>
		<name>Leaf blight</name>
		<pose>Unspecified</pose>
		<truncated>Unspecified</truncated>
		<difficult>Unspecified</difficult>
		<bndbox>
			<xmin>88</xmin>
			<ymin>201</ymin>
			<xmax>99</xmax>
			<ymax>213</ymax>
		</bndbox>
	</object>
	<object>
		<name>Leaf blight</name>
		<pose>Unspecified</pose>
		<truncated>Unspecified</truncated>
		<difficult>Unspecified</difficult>
		<bndbox>
			<xmin>104</xmin>
			<ymin>206</ymin>
			<xmax>112</xmax>
			<ymax>219</ymax>
		</bndbox>
	</object>
	<object>
		<name>Leaf blight</name>
		<pose>Unspecified</pose>
		<truncated>Unspecified</truncated>
		<difficult>Unspecified</difficult>
		<bndbox>
			<xmin>207</xmin>
			<ymin>104</ymin>
			<xmax>219</xmax>
			<ymax>117</ymax>
		</bndbox>
	</object>
	<object>
		<name>Leaf blight</name>
		<pose>Unspecified</pose>
		<truncated>Unspecified</truncated>
		<difficult>Unspecified</difficult>
		<bndbox>
			<xmin>205</xmin>
			<ymin>135</ymin>
			<xmax>218</xmax>
			<ymax>146</ymax>
		</bndbox>
	</object>
	<object>
		<name>Leaf blight</name>
		<pose>Unspecified</pose>
		<truncated>Unspecified</truncated>
		<difficult>Unspecified</difficult>
		<bndbox>
			<xmin>148</xmin>
			<ymin>143</ymin>
			<xmax>156</xmax>
			<ymax>169</ymax>
		</bndbox>
	</object>
	<object>
		<name>Leaf blight</name>
		<pose>Unspecified</pose>
		<truncated>Unspecified</truncated>
		<difficult>Unspecified</difficult>
		<bndbox>
			<xmin>164</xmin>
			<ymin>138</ymin>
			<xmax>170</xmax>
			<ymax>147</ymax>
		</bndbox>
	</object>
	<object>
		<name>Leaf blight</name>
		<pose>Unspecified</pose>
		<truncated>Unspecified</truncated>
		<difficult>Unspecified</difficult>
		<bndbox>
			<xmin>164</xmin>
			<ymin>167</ymin>
			<xmax>179</xmax>
			<ymax>179</ymax>
		</bndbox>
	</object>
	<object>
		<name>Leaf blight</name>
		<pose>Unspecified</pose>
		<truncated>Unspecified</truncated>
		<difficult>Unspecified</difficult>
		<bndbox>
			<xmin>113</xmin>
			<ymin>94</ymin>
			<xmax>125</xmax>
			<ymax>102</ymax>
		</bndbox>
	</object>
	<object>
		<name>Leaf blight</name>
		<pose>Unspecified</pose>
		<truncated>Unspecified</truncated>
		<difficult>Unspecified</difficult>
		<bndbox>
			<xmin>154</xmin>
			<ymin>93</ymin>
			<xmax>171</xmax>
			<ymax>110</ymax>
		</bndbox>
	</object>
	<object>
		<name>Leaf blight</name>
		<pose>Unspecified</pose>
		<truncated>Unspecified</truncated>
		<difficult>Unspecified</difficult>
		<bndbox>
			<xmin>182</xmin>
			<ymin>77</ymin>
			<xmax>192</xmax>
			<ymax>90</ymax>
		</bndbox>
	</object>
	<object>
		<name>Leaf blight</name>
		<pose>Unspecified</pose>
		<truncated>Unspecified</truncated>
		<difficult>Unspecified</difficult>
		<bndbox>
			<xmin>209</xmin>
			<ymin>67</ymin>
			<xmax>219</xmax>
			<ymax>71</ymax>
		</bndbox>
	</object>
	<object>
		<name>Leaf blight</name>
		<pose>Unspecified</pose>
		<truncated>Unspecified</truncated>
		<difficult>Unspecified</difficult>
		<bndbox>
			<xmin>227</xmin>
			<ymin>72</ymin>
			<xmax>234</xmax>
			<ymax>82</ymax>
		</bndbox>
	</object>
	<object>
		<name>Leaf blight</name>
		<pose>Unspecified</pose>
		<truncated>Unspecified</truncated>
		<difficult>Unspecified</difficult>
		<bndbox>
			<xmin>125</xmin>
			<ymin>98</ymin>
			<xmax>137</xmax>
			<ymax>109</ymax>
		</bndbox>
	</object>
	<object>
		<name>Leaf blight</name>
		<pose>Unspecified</pose>
		<truncated>Unspecified</truncated>
		<difficult>Unspecified</difficult>
		<bndbox>
			<xmin>111</xmin>
			<ymin>107</ymin>
			<xmax>123</xmax>
			<ymax>112</ymax>
		</bndbox>
	</object>
	<object>
		<name>Leaf blight</name>
		<pose>Unspecified</pose>
		<truncated>Unspecified</truncated>
		<difficult>Unspecified</difficult>
		<bndbox>
			<xmin>134</xmin>
			<ymin>48</ymin>
			<xmax>158</xmax>
			<ymax>79</ymax>
		</bndbox>
	</object>
	<object>
		<name>Leaf blight</name>
		<pose>Unspecified</pose>
		<truncated>Unspecified</truncated>
		<difficult>Unspecified</difficult>
		<bndbox>
			<xmin>115</xmin>
			<ymin>41</ymin>
			<xmax>133</xmax>
			<ymax>50</ymax>
		</bndbox>
	</object>
	<object>
		<name>Leaf blight</name>
		<pose>Unspecified</pose>
		<truncated>Unspecified</truncated>
		<difficult>Unspecified</difficult>
		<bndbox>
			<xmin>117</xmin>
			<ymin>24</ymin>
			<xmax>133</xmax>
			<ymax>35</ymax>
		</bndbox>
	</object>
	<object>
		<name>Leaf blight</name>
		<pose>Unspecified</pose>
		<truncated>Unspecified</truncated>
		<difficult>Unspecified</difficult>
		<bndbox>
			<xmin>219</xmin>
			<ymin>186</ymin>
			<xmax>230</xmax>
			<ymax>193</ymax>
		</bndbox>
	</object>
	<object>
		<name>Leaf blight</name>
		<pose>Unspecified</pose>
		<truncated>Unspecified</truncated>
		<difficult>Unspecified</difficult>
		<bndbox>
			<xmin>196</xmin>
			<ymin>215</ymin>
			<xmax>205</xmax>
			<ymax>221</ymax>
		</bndbox>
	</object>
</annotation>