<annotation>
	<folder>my-project-name</folder>
	<filename>01d00d79-98e1-46c2-90a9-52dcaeb895d2___FAM_L.Blight 4610_final_masked.jpg</filename>
	<path>/my-project-name/01d00d79-98e1-46c2-90a9-52dcaeb895d2___FAM_L.Blight 4610_final_masked.jpg</path>
	<source>
		<database>Unspecified</database>
	</source>
	<size>
		<width>256</width>
		<height>256</height>
		<depth>3</depth>
	</size>
	<object>
		<name>Leaf blight</name>
		<pose>Unspecified</pose>
		<truncated>Unspecified</truncated>
		<difficult>Unspecified</difficult>
		<bndbox>
			<xmin>69</xmin>
			<ymin>128</ymin>
			<xmax>81</xmax>
			<ymax>140</ymax>
		</bndbox>
	</object>
	<object>
		<name>Leaf blight</name>
		<pose>Unspecified</pose>
		<truncated>Unspecified</truncated>
		<difficult>Unspecified</difficult>
		<bndbox>
			<xmin>98</xmin>
			<ymin>75</ymin>
			<xmax>109</xmax>
			<ymax>90</ymax>
		</bndbox>
	</object>
</annotation>