<annotation>
	<folder>my-project-name</folder>
	<filename>0a31549c-8adb-4acc-bab2-a0954f063054___FAM_B.Rot 0687_final_masked.jpg</filename>
	<path>/my-project-name/0a31549c-8adb-4acc-bab2-a0954f063054___FAM_B.Rot 0687_final_masked.jpg</path>
	<source>
		<database>Unspecified</database>
	</source>
	<size>
		<width>256</width>
		<height>256</height>
		<depth>3</depth>
	</size>
	<object>
		<name>Black Rot</name>
		<pose>Unspecified</pose>
		<truncated>Unspecified</truncated>
		<difficult>Unspecified</difficult>
		<bndbox>
			<xmin>145</xmin>
			<ymin>122</ymin>
			<xmax>172</xmax>
			<ymax>156</ymax>
		</bndbox>
	</object>
</annotation>