<annotation>
	<folder>my-project-name</folder>
	<filename>0abb363c-2365-4816-a6c4-ce4bac6ffc38___FAM_B.Rot 3122_final_masked.jpg</filename>
	<path>/my-project-name/0abb363c-2365-4816-a6c4-ce4bac6ffc38___FAM_B.Rot 3122_final_masked.jpg</path>
	<source>
		<database>Unspecified</database>
	</source>
	<size>
		<width>256</width>
		<height>256</height>
		<depth>3</depth>
	</size>
	<object>
		<name>Black Rot</name>
		<pose>Unspecified</pose>
		<truncated>Unspecified</truncated>
		<difficult>Unspecified</difficult>
		<bndbox>
			<xmin>51</xmin>
			<ymin>196</ymin>
			<xmax>73</xmax>
			<ymax>212</ymax>
		</bndbox>
	</object>
	<object>
		<name>Black Rot</name>
		<pose>Unspecified</pose>
		<truncated>Unspecified</truncated>
		<difficult>Unspecified</difficult>
		<bndbox>
			<xmin>100</xmin>
			<ymin>138</ymin>
			<xmax>126</xmax>
			<ymax>159</ymax>
		</bndbox>
	</object>
	<object>
		<name>Black Rot</name>
		<pose>Unspecified</pose>
		<truncated>Unspecified</truncated>
		<difficult>Unspecified</difficult>
		<bndbox>
			<xmin>200</xmin>
			<ymin>136</ymin>
			<xmax>220</xmax>
			<ymax>151</ymax>
		</bndbox>
	</object>
	<object>
		<name>Black Rot</name>
		<pose>Unspecified</pose>
		<truncated>Unspecified</truncated>
		<difficult>Unspecified</difficult>
		<bndbox>
			<xmin>192</xmin>
			<ymin>102</ymin>
			<xmax>214</xmax>
			<ymax>124</ymax>
		</bndbox>
	</object>
	<object>
		<name>Black Rot</name>
		<pose>Unspecified</pose>
		<truncated>Unspecified</truncated>
		<difficult>Unspecified</difficult>
		<bndbox>
			<xmin>95</xmin>
			<ymin>74</ymin>
			<xmax>108</xmax>
			<ymax>82</ymax>
		</bndbox>
	</object>
	<object>
		<name>Black Rot</name>
		<pose>Unspecified</pose>
		<truncated>Unspecified</truncated>
		<difficult>Unspecified</difficult>
		<bndbox>
			<xmin>123</xmin>
			<ymin>39</ymin>
			<xmax>134</xmax>
			<ymax>46</ymax>
		</bndbox>
	</object>
</annotation>