<annotation>
	<folder>my-project-name</folder>
	<filename>0aec6325-48be-4373-886d-fff5aeea6d26___FAM_B.Rot 3465_final_masked.jpg</filename>
	<path>/my-project-name/0aec6325-48be-4373-886d-fff5aeea6d26___FAM_B.Rot 3465_final_masked.jpg</path>
	<source>
		<database>Unspecified</database>
	</source>
	<size>
		<width>256</width>
		<height>256</height>
		<depth>3</depth>
	</size>
	<object>
		<name>Black Rot</name>
		<pose>Unspecified</pose>
		<truncated>Unspecified</truncated>
		<difficult>Unspecified</difficult>
		<bndbox>
			<xmin>72</xmin>
			<ymin>129</ymin>
			<xmax>87</xmax>
			<ymax>144</ymax>
		</bndbox>
	</object>
	<object>
		<name>Black Rot</name>
		<pose>Unspecified</pose>
		<truncated>Unspecified</truncated>
		<difficult>Unspecified</difficult>
		<bndbox>
			<xmin>155</xmin>
			<ymin>181</ymin>
			<xmax>184</xmax>
			<ymax>205</ymax>
		</bndbox>
	</object>
</annotation>