<annotation>
	<folder>my-project-name</folder>
	<filename>0d907173-6ef8-4fbd-b682-f0a7a5263de0___FAM_B.Rot 3298_final_masked.jpg</filename>
	<path>/my-project-name/0d907173-6ef8-4fbd-b682-f0a7a5263de0___FAM_B.Rot 3298_final_masked.jpg</path>
	<source>
		<database>Unspecified</database>
	</source>
	<size>
		<width>256</width>
		<height>256</height>
		<depth>3</depth>
	</size>
	<object>
		<name>Black Rot</name>
		<pose>Unspecified</pose>
		<truncated>Unspecified</truncated>
		<difficult>Unspecified</difficult>
		<bndbox>
			<xmin>102</xmin>
			<ymin>113</ymin>
			<xmax>112</xmax>
			<ymax>125</ymax>
		</bndbox>
	</object>
	<object>
		<name>Black Rot</name>
		<pose>Unspecified</pose>
		<truncated>Unspecified</truncated>
		<difficult>Unspecified</difficult>
		<bndbox>
			<xmin>134</xmin>
			<ymin>91</ymin>
			<xmax>154</xmax>
			<ymax>112</ymax>
		</bndbox>
	</object>
	<object>
		<name>Black Rot</name>
		<pose>Unspecified</pose>
		<truncated>Unspecified</truncated>
		<difficult>Unspecified</difficult>
		<bndbox>
			<xmin>147</xmin>
			<ymin>48</ymin>
			<xmax>177</xmax>
			<ymax>76</ymax>
		</bndbox>
	</object>
</annotation>