<annotation>
	<folder>my-project-name</folder>
	<filename>0f3cf98a-45cd-4488-90e3-186b60abf638___FAM_L.Blight 4921_final_masked.jpg</filename>
	<path>/my-project-name/0f3cf98a-45cd-4488-90e3-186b60abf638___FAM_L.Blight 4921_final_masked.jpg</path>
	<source>
		<database>Unspecified</database>
	</source>
	<size>
		<width>256</width>
		<height>256</height>
		<depth>3</depth>
	</size>
	<object>
		<name>Leaf blight</name>
		<pose>Unspecified</pose>
		<truncated>Unspecified</truncated>
		<difficult>Unspecified</difficult>
		<bndbox>
			<xmin>190</xmin>
			<ymin>177</ymin>
			<xmax>199</xmax>
			<ymax>190</ymax>
		</bndbox>
	</object>
	<object>
		<name>Leaf blight</name>
		<pose>Unspecified</pose>
		<truncated>Unspecified</truncated>
		<difficult>Unspecified</difficult>
		<bndbox>
			<xmin>141</xmin>
			<ymin>43</ymin>
			<xmax>149</xmax>
			<ymax>57</ymax>
		</bndbox>
	</object>
	<object>
		<name>Leaf blight</name>
		<pose>Unspecified</pose>
		<truncated>Unspecified</truncated>
		<difficult>Unspecified</difficult>
		<bndbox>
			<xmin>47</xmin>
			<ymin>77</ymin>
			<xmax>71</xmax>
			<ymax>103</ymax>
		</bndbox>
	</object>
	<object>
		<name>Leaf blight</name>
		<pose>Unspecified</pose>
		<truncated>Unspecified</truncated>
		<difficult>Unspecified</difficult>
		<bndbox>
			<xmin>80</xmin>
			<ymin>131</ymin>
			<xmax>94</xmax>
			<ymax>144</ymax>
		</bndbox>
	</object>
	<object>
		<name>Leaf blight</name>
		<pose>Unspecified</pose>
		<truncated>Unspecified</truncated>
		<difficult>Unspecified</difficult>
		<bndbox>
			<xmin>67</xmin>
			<ymin>125</ymin>
			<xmax>72</xmax>
			<ymax>135</ymax>
		</bndbox>
	</object>
	<object>
		<name>Leaf blight</name>
		<pose>Unspecified</pose>
		<truncated>Unspecified</truncated>
		<difficult>Unspecified</difficult>
		<bndbox>
			<xmin>144</xmin>
			<ymin>124</ymin>
			<xmax>157</xmax>
			<ymax>136</ymax>
		</bndbox>
	</object>
	<object>
		<name>Leaf blight</name>
		<pose>Unspecified</pose>
		<truncated>Unspecified</truncated>
		<difficult>Unspecified</difficult>
		<bndbox>
			<xmin>163</xmin>
			<ymin>125</ymin>
			<xmax>175</xmax>
			<ymax>139</ymax>
		</bndbox>
	</object>
	<object>
		<name>Leaf blight</name>
		<pose>Unspecified</pose>
		<truncated>Unspecified</truncated>
		<difficult>Unspecified</difficult>
		<bndbox>
			<xmin>94</xmin>
			<ymin>175</ymin>
			<xmax>103</xmax>
			<ymax>185</ymax>
		</bndbox>
	</object>
	<object>
		<name>Leaf blight</name>
		<pose>Unspecified</pose>
		<truncated>Unspecified</truncated>
		<difficult>Unspecified</difficult>
		<bndbox>
			<xmin>119</xmin>
			<ymin>173</ymin>
			<xmax>130</xmax>
			<ymax>184</ymax>
		</bndbox>
	</object>
	<object>
		<name>Leaf blight</name>
		<pose>Unspecified</pose>
		<truncated>Unspecified</truncated>
		<difficult>Unspecified</difficult>
		<bndbox>
			<xmin>114</xmin>
			<ymin>186</ymin>
			<xmax>125</xmax>
			<ymax>196</ymax>
		</bndbox>
	</object>
	<object>
		<name>Leaf blight</name>
		<pose>Unspecified</pose>
		<truncated>Unspecified</truncated>
		<difficult>Unspecified</difficult>
		<bndbox>
			<xmin>92</xmin>
			<ymin>98</ymin>
			<xmax>103</xmax>
			<ymax>107</ymax>
		</bndbox>
	</object>
	<object>
		<name>Leaf blight</name>
		<pose>Unspecified</pose>
		<truncated>Unspecified</truncated>
		<difficult>Unspecified</difficult>
		<bndbox>
			<xmin>108</xmin>
			<ymin>105</ymin>
			<xmax>126</xmax>
			<ymax>127</ymax>
		</bndbox>
	</object>
	<object>
		<name>Leaf blight</name>
		<pose>Unspecified</pose>
		<truncated>Unspecified</truncated>
		<difficult>Unspecified</difficult>
		<bndbox>
			<xmin>133</xmin>
			<ymin>139</ymin>
			<xmax>142</xmax>
			<ymax>149</ymax>
		</bndbox>
	</object>
	<object>
		<name>Leaf blight</name>
		<pose>Unspecified</pose>
		<truncated>Unspecified</truncated>
		<difficult>Unspecified</difficult>
		<bndbox>
			<xmin>126</xmin>
			<ymin>151</ymin>
			<xmax>138</xmax>
			<ymax>158</ymax>
		</bndbox>
	</object>
	<object>
		<name>Leaf blight</name>
		<pose>Unspecified</pose>
		<truncated>Unspecified</truncated>
		<difficult>Unspecified</difficult>
		<bndbox>
			<xmin>72</xmin>
			<ymin>102</ymin>
			<xmax>91</xmax>
			<ymax>118</ymax>
		</bndbox>
	</object>
</annotation>