<annotation>
	<folder>my-project-name</folder>
	<filename>0fc8c252-e026-494e-bd28-02897b969af4___FAM_L.Blight 1437_final_masked.jpg</filename>
	<path>/my-project-name/0fc8c252-e026-494e-bd28-02897b969af4___FAM_L.Blight 1437_final_masked.jpg</path>
	<source>
		<database>Unspecified</database>
	</source>
	<size>
		<width>256</width>
		<height>256</height>
		<depth>3</depth>
	</size>
	<object>
		<name>Leaf blight</name>
		<pose>Unspecified</pose>
		<truncated>Unspecified</truncated>
		<difficult>Unspecified</difficult>
		<bndbox>
			<xmin>51</xmin>
			<ymin>139</ymin>
			<xmax>79</xmax>
			<ymax>163</ymax>
		</bndbox>
	</object>
	<object>
		<name>Leaf blight</name>
		<pose>Unspecified</pose>
		<truncated>Unspecified</truncated>
		<difficult>Unspecified</difficult>
		<bndbox>
			<xmin>112</xmin>
			<ymin>63</ymin>
			<xmax>129</xmax>
			<ymax>75</ymax>
		</bndbox>
	</object>
	<object>
		<name>Leaf blight</name>
		<pose>Unspecified</pose>
		<truncated>Unspecified</truncated>
		<difficult>Unspecified</difficult>
		<bndbox>
			<xmin>215</xmin>
			<ymin>105</ymin>
			<xmax>228</xmax>
			<ymax>119</ymax>
		</bndbox>
	</object>
	<object>
		<name>Leaf blight</name>
		<pose>Unspecified</pose>
		<truncated>Unspecified</truncated>
		<difficult>Unspecified</difficult>
		<bndbox>
			<xmin>217</xmin>
			<ymin>139</ymin>
			<xmax>226</xmax>
			<ymax>153</ymax>
		</bndbox>
	</object>
	<object>
		<name>Leaf blight</name>
		<pose>Unspecified</pose>
		<truncated>Unspecified</truncated>
		<difficult>Unspecified</difficult>
		<bndbox>
			<xmin>156</xmin>
			<ymin>160</ymin>
			<xmax>172</xmax>
			<ymax>181</ymax>
		</bndbox>
	</object>
	<object>
		<name>Leaf blight</name>
		<pose>Unspecified</pose>
		<truncated>Unspecified</truncated>
		<difficult>Unspecified</difficult>
		<bndbox>
			<xmin>95</xmin>
			<ymin>129</ymin>
			<xmax>114</xmax>
			<ymax>151</ymax>
		</bndbox>
	</object>
	<object>
		<name>Leaf blight</name>
		<pose>Unspecified</pose>
		<truncated>Unspecified</truncated>
		<difficult>Unspecified</difficult>
		<bndbox>
			<xmin>92</xmin>
			<ymin>150</ymin>
			<xmax>103</xmax>
			<ymax>166</ymax>
		</bndbox>
	</object>
	<object>
		<name>Leaf blight</name>
		<pose>Unspecified</pose>
		<truncated>Unspecified</truncated>
		<difficult>Unspecified</difficult>
		<bndbox>
			<xmin>50</xmin>
			<ymin>96</ymin>
			<xmax>65</xmax>
			<ymax>119</ymax>
		</bndbox>
	</object>
	<object>
		<name>Leaf blight</name>
		<pose>Unspecified</pose>
		<truncated>Unspecified</truncated>
		<difficult>Unspecified</difficult>
		<bndbox>
			<xmin>66</xmin>
			<ymin>179</ymin>
			<xmax>81</xmax>
			<ymax>200</ymax>
		</bndbox>
	</object>
	<object>
		<name>Leaf blight</name>
		<pose>Unspecified</pose>
		<truncated>Unspecified</truncated>
		<difficult>Unspecified</difficult>
		<bndbox>
			<xmin>45</xmin>
			<ymin>40</ymin>
			<xmax>63</xmax>
			<ymax>62</ymax>
		</bndbox>
	</object>
	<object>
		<name>Leaf blight</name>
		<pose>Unspecified</pose>
		<truncated>Unspecified</truncated>
		<difficult>Unspecified</difficult>
		<bndbox>
			<xmin>50</xmin>
			<ymin>63</ymin>
			<xmax>68</xmax>
			<ymax>79</ymax>
		</bndbox>
	</object>
	<object>
		<name>Leaf blight</name>
		<pose>Unspecified</pose>
		<truncated>Unspecified</truncated>
		<difficult>Unspecified</difficult>
		<bndbox>
			<xmin>80</xmin>
			<ymin>78</ymin>
			<xmax>89</xmax>
			<ymax>89</ymax>
		</bndbox>
	</object>
	<object>
		<name>Leaf blight</name>
		<pose>Unspecified</pose>
		<truncated>Unspecified</truncated>
		<difficult>Unspecified</difficult>
		<bndbox>
			<xmin>99</xmin>
			<ymin>99</ymin>
			<xmax>108</xmax>
			<ymax>107</ymax>
		</bndbox>
	</object>
	<object>
		<name>Leaf blight</name>
		<pose>Unspecified</pose>
		<truncated>Unspecified</truncated>
		<difficult>Unspecified</difficult>
		<bndbox>
			<xmin>91</xmin>
			<ymin>89</ymin>
			<xmax>98</xmax>
			<ymax>94</ymax>
		</bndbox>
	</object>
	<object>
		<name>Leaf blight</name>
		<pose>Unspecified</pose>
		<truncated>Unspecified</truncated>
		<difficult>Unspecified</difficult>
		<bndbox>
			<xmin>134</xmin>
			<ymin>75</ymin>
			<xmax>145</xmax>
			<ymax>92</ymax>
		</bndbox>
	</object>
	<object>
		<name>Leaf blight</name>
		<pose>Unspecified</pose>
		<truncated>Unspecified</truncated>
		<difficult>Unspecified</difficult>
		<bndbox>
			<xmin>135</xmin>
			<ymin>150</ymin>
			<xmax>143</xmax>
			<ymax>165</ymax>
		</bndbox>
	</object>
	<object>
		<name>Leaf blight</name>
		<pose>Unspecified</pose>
		<truncated>Unspecified</truncated>
		<difficult>Unspecified</difficult>
		<bndbox>
			<xmin>167</xmin>
			<ymin>146</ymin>
			<xmax>179</xmax>
			<ymax>159</ymax>
		</bndbox>
	</object>
	<object>
		<name>Leaf blight</name>
		<pose>Unspecified</pose>
		<truncated>Unspecified</truncated>
		<difficult>Unspecified</difficult>
		<bndbox>
			<xmin>184</xmin>
			<ymin>83</ymin>
			<xmax>194</xmax>
			<ymax>99</ymax>
		</bndbox>
	</object>
	<object>
		<name>Leaf blight</name>
		<pose>Unspecified</pose>
		<truncated>Unspecified</truncated>
		<difficult>Unspecified</difficult>
		<bndbox>
			<xmin>211</xmin>
			<ymin>121</ymin>
			<xmax>223</xmax>
			<ymax>133</ymax>
		</bndbox>
	</object>
	<object>
		<name>Leaf blight</name>
		<pose>Unspecified</pose>
		<truncated>Unspecified</truncated>
		<difficult>Unspecified</difficult>
		<bndbox>
			<xmin>209</xmin>
			<ymin>90</ymin>
			<xmax>217</xmax>
			<ymax>100</ymax>
		</bndbox>
	</object>
	<object>
		<name>Leaf blight</name>
		<pose>Unspecified</pose>
		<truncated>Unspecified</truncated>
		<difficult>Unspecified</difficult>
		<bndbox>
			<xmin>30</xmin>
			<ymin>45</ymin>
			<xmax>41</xmax>
			<ymax>63</ymax>
		</bndbox>
	</object>
</annotation>