<annotation>
	<folder>my-project-name</folder>
	<filename>6fc41899-ac41-4b98-bd05-442236692fa2___FAM_B.Msls 1787_final_masked.jpg</filename>
	<path>/my-project-name/6fc41899-ac41-4b98-bd05-442236692fa2___FAM_B.Msls 1787_final_masked.jpg</path>
	<source>
		<database>Unspecified</database>
	</source>
	<size>
		<width>256</width>
		<height>256</height>
		<depth>3</depth>
	</size>
	<object>
		<name>Black Measles</name>
		<pose>Unspecified</pose>
		<truncated>Unspecified</truncated>
		<difficult>Unspecified</difficult>
		<bndbox>
			<xmin>43</xmin>
			<ymin>132</ymin>
			<xmax>57</xmax>
			<ymax>150</ymax>
		</bndbox>
	</object>
	<object>
		<name>Black Measles</name>
		<pose>Unspecified</pose>
		<truncated>Unspecified</truncated>
		<difficult>Unspecified</difficult>
		<bndbox>
			<xmin>36</xmin>
			<ymin>166</ymin>
			<xmax>70</xmax>
			<ymax>181</ymax>
		</bndbox>
	</object>
	<object>
		<name>Black Measles</name>
		<pose>Unspecified</pose>
		<truncated>Unspecified</truncated>
		<difficult>Unspecified</difficult>
		<bndbox>
			<xmin>41</xmin>
			<ymin>155</ymin>
			<xmax>52</xmax>
			<ymax>162</ymax>
		</bndbox>
	</object>
	<object>
		<name>Black Measles</name>
		<pose>Unspecified</pose>
		<truncated>Unspecified</truncated>
		<difficult>Unspecified</difficult>
		<bndbox>
			<xmin>93</xmin>
			<ymin>83</ymin>
			<xmax>121</xmax>
			<ymax>110</ymax>
		</bndbox>
	</object>
	<object>
		<name>Black Measles</name>
		<pose>Unspecified</pose>
		<truncated>Unspecified</truncated>
		<difficult>Unspecified</difficult>
		<bndbox>
			<xmin>122</xmin>
			<ymin>29</ymin>
			<xmax>131</xmax>
			<ymax>38</ymax>
		</bndbox>
	</object>
	<object>
		<name>Black Measles</name>
		<pose>Unspecified</pose>
		<truncated>Unspecified</truncated>
		<difficult>Unspecified</difficult>
		<bndbox>
			<xmin>133</xmin>
			<ymin>59</ymin>
			<xmax>147</xmax>
			<ymax>76</ymax>
		</bndbox>
	</object>
	<object>
		<name>Black Measles</name>
		<pose>Unspecified</pose>
		<truncated>Unspecified</truncated>
		<difficult>Unspecified</difficult>
		<bndbox>
			<xmin>152</xmin>
			<ymin>63</ymin>
			<xmax>164</xmax>
			<ymax>79</ymax>
		</bndbox>
	</object>
	<object>
		<name>Black Measles</name>
		<pose>Unspecified</pose>
		<truncated>Unspecified</truncated>
		<difficult>Unspecified</difficult>
		<bndbox>
			<xmin>144</xmin>
			<ymin>94</ymin>
			<xmax>157</xmax>
			<ymax>104</ymax>
		</bndbox>
	</object>
	<object>
		<name>Black Measles</name>
		<pose>Unspecified</pose>
		<truncated>Unspecified</truncated>
		<difficult>Unspecified</difficult>
		<bndbox>
			<xmin>144</xmin>
			<ymin>110</ymin>
			<xmax>158</xmax>
			<ymax>121</ymax>
		</bndbox>
	</object>
	<object>
		<name>Black Measles</name>
		<pose>Unspecified</pose>
		<truncated>Unspecified</truncated>
		<difficult>Unspecified</difficult>
		<bndbox>
			<xmin>65</xmin>
			<ymin>193</ymin>
			<xmax>76</xmax>
			<ymax>200</ymax>
		</bndbox>
	</object>
	<object>
		<name>Black Measles</name>
		<pose>Unspecified</pose>
		<truncated>Unspecified</truncated>
		<difficult>Unspecified</difficult>
		<bndbox>
			<xmin>73</xmin>
			<ymin>210</ymin>
			<xmax>83</xmax>
			<ymax>215</ymax>
		</bndbox>
	</object>
	<object>
		<name>Black Measles</name>
		<pose>Unspecified</pose>
		<truncated>Unspecified</truncated>
		<difficult>Unspecified</difficult>
		<bndbox>
			<xmin>60</xmin>
			<ymin>146</ymin>
			<xmax>70</xmax>
			<ymax>155</ymax>
		</bndbox>
	</object>
	<object>
		<name>Black Measles</name>
		<pose>Unspecified</pose>
		<truncated>Unspecified</truncated>
		<difficult>Unspecified</difficult>
		<bndbox>
			<xmin>67</xmin>
			<ymin>154</ymin>
			<xmax>81</xmax>
			<ymax>158</ymax>
		</bndbox>
	</object>
	<object>
		<name>Black Measles</name>
		<pose>Unspecified</pose>
		<truncated>Unspecified</truncated>
		<difficult>Unspecified</difficult>
		<bndbox>
			<xmin>141</xmin>
			<ymin>152</ymin>
			<xmax>154</xmax>
			<ymax>167</ymax>
		</bndbox>
	</object>
	<object>
		<name>Black Measles</name>
		<pose>Unspecified</pose>
		<truncated>Unspecified</truncated>
		<difficult>Unspecified</difficult>
		<bndbox>
			<xmin>133</xmin>
			<ymin>178</ymin>
			<xmax>144</xmax>
			<ymax>196</ymax>
		</bndbox>
	</object>
	<object>
		<name>Black Measles</name>
		<pose>Unspecified</pose>
		<truncated>Unspecified</truncated>
		<difficult>Unspecified</difficult>
		<bndbox>
			<xmin>202</xmin>
			<ymin>188</ymin>
			<xmax>223</xmax>
			<ymax>206</ymax>
		</bndbox>
	</object>
	<object>
		<name>Black Measles</name>
		<pose>Unspecified</pose>
		<truncated>Unspecified</truncated>
		<difficult>Unspecified</difficult>
		<bndbox>
			<xmin>187</xmin>
			<ymin>211</ymin>
			<xmax>198</xmax>
			<ymax>217</ymax>
		</bndbox>
	</object>
	<object>
		<name>Black Measles</name>
		<pose>Unspecified</pose>
		<truncated>Unspecified</truncated>
		<difficult>Unspecified</difficult>
		<bndbox>
			<xmin>173</xmin>
			<ymin>85</ymin>
			<xmax>187</xmax>
			<ymax>100</ymax>
		</bndbox>
	</object>
	<object>
		<name>Black Measles</name>
		<pose>Unspecified</pose>
		<truncated>Unspecified</truncated>
		<difficult>Unspecified</difficult>
		<bndbox>
			<xmin>192</xmin>
			<ymin>80</ymin>
			<xmax>200</xmax>
			<ymax>91</ymax>
		</bndbox>
	</object>
	<object>
		<name>Black Measles</name>
		<pose>Unspecified</pose>
		<truncated>Unspecified</truncated>
		<difficult>Unspecified</difficult>
		<bndbox>
			<xmin>178</xmin>
			<ymin>100</ymin>
			<xmax>196</xmax>
			<ymax>120</ymax>
		</bndbox>
	</object>
	<object>
		<name>Black Measles</name>
		<pose>Unspecified</pose>
		<truncated>Unspecified</truncated>
		<difficult>Unspecified</difficult>
		<bndbox>
			<xmin>202</xmin>
			<ymin>108</ymin>
			<xmax>223</xmax>
			<ymax>147</ymax>
		</bndbox>
	</object>
	<object>
		<name>Black Measles</name>
		<pose>Unspecified</pose>
		<truncated>Unspecified</truncated>
		<difficult>Unspecified</difficult>
		<bndbox>
			<xmin>160</xmin>
			<ymin>140</ymin>
			<xmax>172</xmax>
			<ymax>152</ymax>
		</bndbox>
	</object>
	<object>
		<name>Black Measles</name>
		<pose>Unspecified</pose>
		<truncated>Unspecified</truncated>
		<difficult>Unspecified</difficult>
		<bndbox>
			<xmin>200</xmin>
			<ymin>167</ymin>
			<xmax>226</xmax>
			<ymax>183</ymax>
		</bndbox>
	</object>
	<object>
		<name>Black Measles</name>
		<pose>Unspecified</pose>
		<truncated>Unspecified</truncated>
		<difficult>Unspecified</difficult>
		<bndbox>
			<xmin>214</xmin>
			<ymin>153</ymin>
			<xmax>229</xmax>
			<ymax>161</ymax>
		</bndbox>
	</object>
</annotation>