<annotation>
	<folder>my-project-name</folder>
	<filename>6efee67c-958d-49bf-9482-e7466ca092c2___FAM_B.Msls 1014_final_masked.jpg</filename>
	<path>/my-project-name/6efee67c-958d-49bf-9482-e7466ca092c2___FAM_B.Msls 1014_final_masked.jpg</path>
	<source>
		<database>Unspecified</database>
	</source>
	<size>
		<width>256</width>
		<height>256</height>
		<depth>3</depth>
	</size>
	<object>
		<name>Black Measles</name>
		<pose>Unspecified</pose>
		<truncated>Unspecified</truncated>
		<difficult>Unspecified</difficult>
		<bndbox>
			<xmin>28</xmin>
			<ymin>148</ymin>
			<xmax>45</xmax>
			<ymax>162</ymax>
		</bndbox>
	</object>
	<object>
		<name>Black Measles</name>
		<pose>Unspecified</pose>
		<truncated>Unspecified</truncated>
		<difficult>Unspecified</difficult>
		<bndbox>
			<xmin>56</xmin>
			<ymin>119</ymin>
			<xmax>69</xmax>
			<ymax>136</ymax>
		</bndbox>
	</object>
	<object>
		<name>Black Measles</name>
		<pose>Unspecified</pose>
		<truncated>Unspecified</truncated>
		<difficult>Unspecified</difficult>
		<bndbox>
			<xmin>53</xmin>
			<ymin>63</ymin>
			<xmax>69</xmax>
			<ymax>78</ymax>
		</bndbox>
	</object>
	<object>
		<name>Black Measles</name>
		<pose>Unspecified</pose>
		<truncated>Unspecified</truncated>
		<difficult>Unspecified</difficult>
		<bndbox>
			<xmin>72</xmin>
			<ymin>56</ymin>
			<xmax>91</xmax>
			<ymax>86</ymax>
		</bndbox>
	</object>
	<object>
		<name>Black Measles</name>
		<pose>Unspecified</pose>
		<truncated>Unspecified</truncated>
		<difficult>Unspecified</difficult>
		<bndbox>
			<xmin>137</xmin>
			<ymin>71</ymin>
			<xmax>154</xmax>
			<ymax>102</ymax>
		</bndbox>
	</object>
	<object>
		<name>Black Measles</name>
		<pose>Unspecified</pose>
		<truncated>Unspecified</truncated>
		<difficult>Unspecified</difficult>
		<bndbox>
			<xmin>91</xmin>
			<ymin>91</ymin>
			<xmax>107</xmax>
			<ymax>112</ymax>
		</bndbox>
	</object>
	<object>
		<name>Black Measles</name>
		<pose>Unspecified</pose>
		<truncated>Unspecified</truncated>
		<difficult>Unspecified</difficult>
		<bndbox>
			<xmin>162</xmin>
			<ymin>86</ymin>
			<xmax>177</xmax>
			<ymax>117</ymax>
		</bndbox>
	</object>
	<object>
		<name>Black Measles</name>
		<pose>Unspecified</pose>
		<truncated>Unspecified</truncated>
		<difficult>Unspecified</difficult>
		<bndbox>
			<xmin>176</xmin>
			<ymin>73</ymin>
			<xmax>188</xmax>
			<ymax>88</ymax>
		</bndbox>
	</object>
	<object>
		<name>Black Measles</name>
		<pose>Unspecified</pose>
		<truncated>Unspecified</truncated>
		<difficult>Unspecified</difficult>
		<bndbox>
			<xmin>175</xmin>
			<ymin>154</ymin>
			<xmax>199</xmax>
			<ymax>171</ymax>
		</bndbox>
	</object>
	<object>
		<name>Black Measles</name>
		<pose>Unspecified</pose>
		<truncated>Unspecified</truncated>
		<difficult>Unspecified</difficult>
		<bndbox>
			<xmin>101</xmin>
			<ymin>62</ymin>
			<xmax>121</xmax>
			<ymax>94</ymax>
		</bndbox>
	</object>
</annotation>