<annotation>
	<folder>my-project-name</folder>
	<filename>1a1a0f9a-6f5b-4821-8d4b-36aced0d988d___FAM_L.Blight 4982_final_masked.jpg</filename>
	<path>/my-project-name/1a1a0f9a-6f5b-4821-8d4b-36aced0d988d___FAM_L.Blight 4982_final_masked.jpg</path>
	<source>
		<database>Unspecified</database>
	</source>
	<size>
		<width>256</width>
		<height>256</height>
		<depth>3</depth>
	</size>
	<object>
		<name>Leaf blight</name>
		<pose>Unspecified</pose>
		<truncated>Unspecified</truncated>
		<difficult>Unspecified</difficult>
		<bndbox>
			<xmin>84</xmin>
			<ymin>184</ymin>
			<xmax>102</xmax>
			<ymax>198</ymax>
		</bndbox>
	</object>
	<object>
		<name>Leaf blight</name>
		<pose>Unspecified</pose>
		<truncated>Unspecified</truncated>
		<difficult>Unspecified</difficult>
		<bndbox>
			<xmin>126</xmin>
			<ymin>120</ymin>
			<xmax>150</xmax>
			<ymax>148</ymax>
		</bndbox>
	</object>
	<object>
		<name>Leaf blight</name>
		<pose>Unspecified</pose>
		<truncated>Unspecified</truncated>
		<difficult>Unspecified</difficult>
		<bndbox>
			<xmin>202</xmin>
			<ymin>133</ymin>
			<xmax>214</xmax>
			<ymax>143</ymax>
		</bndbox>
	</object>
</annotation>