<annotation>
	<folder>my-project-name</folder>
	<filename>6fb636da-e737-43d3-95eb-0b334208ab10___FAM_B.Msls 4491_final_masked.jpg</filename>
	<path>/my-project-name/6fb636da-e737-43d3-95eb-0b334208ab10___FAM_B.Msls 4491_final_masked.jpg</path>
	<source>
		<database>Unspecified</database>
	</source>
	<size>
		<width>256</width>
		<height>256</height>
		<depth>3</depth>
	</size>
	<object>
		<name>Black Measles</name>
		<pose>Unspecified</pose>
		<truncated>Unspecified</truncated>
		<difficult>Unspecified</difficult>
		<bndbox>
			<xmin>50</xmin>
			<ymin>142</ymin>
			<xmax>68</xmax>
			<ymax>149</ymax>
		</bndbox>
	</object>
	<object>
		<name>Black Measles</name>
		<pose>Unspecified</pose>
		<truncated>Unspecified</truncated>
		<difficult>Unspecified</difficult>
		<bndbox>
			<xmin>114</xmin>
			<ymin>119</ymin>
			<xmax>126</xmax>
			<ymax>132</ymax>
		</bndbox>
	</object>
	<object>
		<name>Black Measles</name>
		<pose>Unspecified</pose>
		<truncated>Unspecified</truncated>
		<difficult>Unspecified</difficult>
		<bndbox>
			<xmin>142</xmin>
			<ymin>135</ymin>
			<xmax>156</xmax>
			<ymax>147</ymax>
		</bndbox>
	</object>
	<object>
		<name>Black Measles</name>
		<pose>Unspecified</pose>
		<truncated>Unspecified</truncated>
		<difficult>Unspecified</difficult>
		<bndbox>
			<xmin>187</xmin>
			<ymin>176</ymin>
			<xmax>209</xmax>
			<ymax>193</ymax>
		</bndbox>
	</object>
	<object>
		<name>Black Measles</name>
		<pose>Unspecified</pose>
		<truncated>Unspecified</truncated>
		<difficult>Unspecified</difficult>
		<bndbox>
			<xmin>187</xmin>
			<ymin>119</ymin>
			<xmax>199</xmax>
			<ymax>133</ymax>
		</bndbox>
	</object>
	<object>
		<name>Black Measles</name>
		<pose>Unspecified</pose>
		<truncated>Unspecified</truncated>
		<difficult>Unspecified</difficult>
		<bndbox>
			<xmin>188</xmin>
			<ymin>93</ymin>
			<xmax>204</xmax>
			<ymax>106</ymax>
		</bndbox>
	</object>
	<object>
		<name>Black Measles</name>
		<pose>Unspecified</pose>
		<truncated>Unspecified</truncated>
		<difficult>Unspecified</difficult>
		<bndbox>
			<xmin>142</xmin>
			<ymin>60</ymin>
			<xmax>153</xmax>
			<ymax>75</ymax>
		</bndbox>
	</object>
	<object>
		<name>Black Measles</name>
		<pose>Unspecified</pose>
		<truncated>Unspecified</truncated>
		<difficult>Unspecified</difficult>
		<bndbox>
			<xmin>168</xmin>
			<ymin>72</ymin>
			<xmax>182</xmax>
			<ymax>114</ymax>
		</bndbox>
	</object>
	<object>
		<name>Black Measles</name>
		<pose>Unspecified</pose>
		<truncated>Unspecified</truncated>
		<difficult>Unspecified</difficult>
		<bndbox>
			<xmin>148</xmin>
			<ymin>71</ymin>
			<xmax>166</xmax>
			<ymax>89</ymax>
		</bndbox>
	</object>
</annotation>