<annotation>
	<folder>my-project-name</folder>
	<filename>1a2da798-3f89-4379-90b0-d04951adb782___FAM_L.Blight 3645_final_masked.jpg</filename>
	<path>/my-project-name/1a2da798-3f89-4379-90b0-d04951adb782___FAM_L.Blight 3645_final_masked.jpg</path>
	<source>
		<database>Unspecified</database>
	</source>
	<size>
		<width>256</width>
		<height>256</height>
		<depth>3</depth>
	</size>
	<object>
		<name>Leaf blight</name>
		<pose>Unspecified</pose>
		<truncated>Unspecified</truncated>
		<difficult>Unspecified</difficult>
		<bndbox>
			<xmin>80</xmin>
			<ymin>218</ymin>
			<xmax>91</xmax>
			<ymax>226</ymax>
		</bndbox>
	</object>
	<object>
		<name>Leaf blight</name>
		<pose>Unspecified</pose>
		<truncated>Unspecified</truncated>
		<difficult>Unspecified</difficult>
		<bndbox>
			<xmin>83</xmin>
			<ymin>190</ymin>
			<xmax>104</xmax>
			<ymax>203</ymax>
		</bndbox>
	</object>
	<object>
		<name>Leaf blight</name>
		<pose>Unspecified</pose>
		<truncated>Unspecified</truncated>
		<difficult>Unspecified</difficult>
		<bndbox>
			<xmin>102</xmin>
			<ymin>177</ymin>
			<xmax>118</xmax>
			<ymax>190</ymax>
		</bndbox>
	</object>
	<object>
		<name>Leaf blight</name>
		<pose>Unspecified</pose>
		<truncated>Unspecified</truncated>
		<difficult>Unspecified</difficult>
		<bndbox>
			<xmin>113</xmin>
			<ymin>151</ymin>
			<xmax>127</xmax>
			<ymax>173</ymax>
		</bndbox>
	</object>
	<object>
		<name>Leaf blight</name>
		<pose>Unspecified</pose>
		<truncated>Unspecified</truncated>
		<difficult>Unspecified</difficult>
		<bndbox>
			<xmin>158</xmin>
			<ymin>193</ymin>
			<xmax>171</xmax>
			<ymax>211</ymax>
		</bndbox>
	</object>
	<object>
		<name>Leaf blight</name>
		<pose>Unspecified</pose>
		<truncated>Unspecified</truncated>
		<difficult>Unspecified</difficult>
		<bndbox>
			<xmin>147</xmin>
			<ymin>215</ymin>
			<xmax>165</xmax>
			<ymax>224</ymax>
		</bndbox>
	</object>
	<object>
		<name>Leaf blight</name>
		<pose>Unspecified</pose>
		<truncated>Unspecified</truncated>
		<difficult>Unspecified</difficult>
		<bndbox>
			<xmin>168</xmin>
			<ymin>142</ymin>
			<xmax>208</xmax>
			<ymax>187</ymax>
		</bndbox>
	</object>
	<object>
		<name>Leaf blight</name>
		<pose>Unspecified</pose>
		<truncated>Unspecified</truncated>
		<difficult>Unspecified</difficult>
		<bndbox>
			<xmin>181</xmin>
			<ymin>204</ymin>
			<xmax>190</xmax>
			<ymax>213</ymax>
		</bndbox>
	</object>
	<object>
		<name>Leaf blight</name>
		<pose>Unspecified</pose>
		<truncated>Unspecified</truncated>
		<difficult>Unspecified</difficult>
		<bndbox>
			<xmin>77</xmin>
			<ymin>81</ymin>
			<xmax>92</xmax>
			<ymax>94</ymax>
		</bndbox>
	</object>
	<object>
		<name>Leaf blight</name>
		<pose>Unspecified</pose>
		<truncated>Unspecified</truncated>
		<difficult>Unspecified</difficult>
		<bndbox>
			<xmin>152</xmin>
			<ymin>98</ymin>
			<xmax>198</xmax>
			<ymax>142</ymax>
		</bndbox>
	</object>
	<object>
		<name>Leaf blight</name>
		<pose>Unspecified</pose>
		<truncated>Unspecified</truncated>
		<difficult>Unspecified</difficult>
		<bndbox>
			<xmin>104</xmin>
			<ymin>75</ymin>
			<xmax>118</xmax>
			<ymax>93</ymax>
		</bndbox>
	</object>
	<object>
		<name>Leaf blight</name>
		<pose>Unspecified</pose>
		<truncated>Unspecified</truncated>
		<difficult>Unspecified</difficult>
		<bndbox>
			<xmin>104</xmin>
			<ymin>98</ymin>
			<xmax>114</xmax>
			<ymax>107</ymax>
		</bndbox>
	</object>
	<object>
		<name>Leaf blight</name>
		<pose>Unspecified</pose>
		<truncated>Unspecified</truncated>
		<difficult>Unspecified</difficult>
		<bndbox>
			<xmin>99</xmin>
			<ymin>55</ymin>
			<xmax>116</xmax>
			<ymax>72</ymax>
		</bndbox>
	</object>
	<object>
		<name>Leaf blight</name>
		<pose>Unspecified</pose>
		<truncated>Unspecified</truncated>
		<difficult>Unspecified</difficult>
		<bndbox>
			<xmin>120</xmin>
			<ymin>47</ymin>
			<xmax>141</xmax>
			<ymax>70</ymax>
		</bndbox>
	</object>
	<object>
		<name>Leaf blight</name>
		<pose>Unspecified</pose>
		<truncated>Unspecified</truncated>
		<difficult>Unspecified</difficult>
		<bndbox>
			<xmin>144</xmin>
			<ymin>54</ymin>
			<xmax>164</xmax>
			<ymax>90</ymax>
		</bndbox>
	</object>
</annotation>