<annotation>
	<folder>my-project-name</folder>
	<filename>6fc7a638-e56d-4282-87f0-f9ecbb724ef8___FAM_B.Msls 4196_final_masked.jpg</filename>
	<path>/my-project-name/6fc7a638-e56d-4282-87f0-f9ecbb724ef8___FAM_B.Msls 4196_final_masked.jpg</path>
	<source>
		<database>Unspecified</database>
	</source>
	<size>
		<width>256</width>
		<height>256</height>
		<depth>3</depth>
	</size>
	<object>
		<name>Black Measles</name>
		<pose>Unspecified</pose>
		<truncated>Unspecified</truncated>
		<difficult>Unspecified</difficult>
		<bndbox>
			<xmin>50</xmin>
			<ymin>191</ymin>
			<xmax>63</xmax>
			<ymax>207</ymax>
		</bndbox>
	</object>
	<object>
		<name>Black Measles</name>
		<pose>Unspecified</pose>
		<truncated>Unspecified</truncated>
		<difficult>Unspecified</difficult>
		<bndbox>
			<xmin>50</xmin>
			<ymin>162</ymin>
			<xmax>81</xmax>
			<ymax>174</ymax>
		</bndbox>
	</object>
	<object>
		<name>Black Measles</name>
		<pose>Unspecified</pose>
		<truncated>Unspecified</truncated>
		<difficult>Unspecified</difficult>
		<bndbox>
			<xmin>44</xmin>
			<ymin>116</ymin>
			<xmax>61</xmax>
			<ymax>136</ymax>
		</bndbox>
	</object>
	<object>
		<name>Black Measles</name>
		<pose>Unspecified</pose>
		<truncated>Unspecified</truncated>
		<difficult>Unspecified</difficult>
		<bndbox>
			<xmin>56</xmin>
			<ymin>92</ymin>
			<xmax>70</xmax>
			<ymax>115</ymax>
		</bndbox>
	</object>
	<object>
		<name>Black Measles</name>
		<pose>Unspecified</pose>
		<truncated>Unspecified</truncated>
		<difficult>Unspecified</difficult>
		<bndbox>
			<xmin>70</xmin>
			<ymin>70</ymin>
			<xmax>95</xmax>
			<ymax>91</ymax>
		</bndbox>
	</object>
</annotation>