<annotation>
	<folder>my-project-name</folder>
	<filename>7a0b90f2-95f9-4886-b35e-3b86baee2de6___FAM_B.Msls 1872_final_masked.jpg</filename>
	<path>/my-project-name/7a0b90f2-95f9-4886-b35e-3b86baee2de6___FAM_B.Msls 1872_final_masked.jpg</path>
	<source>
		<database>Unspecified</database>
	</source>
	<size>
		<width>256</width>
		<height>256</height>
		<depth>3</depth>
	</size>

	<object>
		<name>Black Measles</name>
		<pose>Unspecified</pose>
		<truncated>Unspecified</truncated>
		<difficult>Unspecified</difficult>
		<bndbox>
			<xmin>201</xmin>
			<ymin>127</ymin>
			<xmax>227</xmax>
			<ymax>148</ymax>
		</bndbox>
	</object>
	<object>
		<name>Black Measles</name>
		<pose>Unspecified</pose>
		<truncated>Unspecified</truncated>
		<difficult>Unspecified</difficult>
		<bndbox>
			<xmin>54</xmin>
			<ymin>158</ymin>
			<xmax>75</xmax>
			<ymax>174</ymax>
		</bndbox>
	</object>
	<object>
		<name>Black Measles</name>
		<pose>Unspecified</pose>
		<truncated>Unspecified</truncated>
		<difficult>Unspecified</difficult>
		<bndbox>
			<xmin>54</xmin>
			<ymin>184</ymin>
			<xmax>64</xmax>
			<ymax>193</ymax>
		</bndbox>
	</object>
	<object>
		<name>Black Measles</name>
		<pose>Unspecified</pose>
		<truncated>Unspecified</truncated>
		<difficult>Unspecified</difficult>
		<bndbox>
			<xmin>67</xmin>
			<ymin>173</ymin>
			<xmax>83</xmax>
			<ymax>181</ymax>
		</bndbox>
	</object>
	<object>
		<name>Black Measles</name>
		<pose>Unspecified</pose>
		<truncated>Unspecified</truncated>
		<difficult>Unspecified</difficult>
		<bndbox>
			<xmin>49</xmin>
			<ymin>124</ymin>
			<xmax>80</xmax>
			<ymax>146</ymax>
		</bndbox>
	</object>
	<object>
		<name>Black Measles</name>
		<pose>Unspecified</pose>
		<truncated>Unspecified</truncated>
		<difficult>Unspecified</difficult>
		<bndbox>
			<xmin>59</xmin>
			<ymin>100</ymin>
			<xmax>72</xmax>
			<ymax>114</ymax>
		</bndbox>
	</object>
	<object>
		<name>Black Measles</name>
		<pose>Unspecified</pose>
		<truncated>Unspecified</truncated>
		<difficult>Unspecified</difficult>
		<bndbox>
			<xmin>100</xmin>
			<ymin>124</ymin>
			<xmax>112</xmax>
			<ymax>137</ymax>
		</bndbox>
	</object>
	<object>
		<name>Black Measles</name>
		<pose>Unspecified</pose>
		<truncated>Unspecified</truncated>
		<difficult>Unspecified</difficult>
		<bndbox>
			<xmin>76</xmin>
			<ymin>74</ymin>
			<xmax>106</xmax>
			<ymax>115</ymax>
		</bndbox>
	</object>
	<object>
		<name>Black Measles</name>
		<pose>Unspecified</pose>
		<truncated>Unspecified</truncated>
		<difficult>Unspecified</difficult>
		<bndbox>
			<xmin>127</xmin>
			<ymin>45</ymin>
			<xmax>144</xmax>
			<ymax>75</ymax>
		</bndbox>
	</object>
	<object>
		<name>Black Measles</name>
		<pose>Unspecified</pose>
		<truncated>Unspecified</truncated>
		<difficult>Unspecified</difficult>
		<bndbox>
			<xmin>107</xmin>
			<ymin>56</ymin>
			<xmax>131</xmax>
			<ymax>111</ymax>
		</bndbox>
	</object>
	<object>
		<name>Black Measles</name>
		<pose>Unspecified</pose>
		<truncated>Unspecified</truncated>
		<difficult>Unspecified</difficult>
		<bndbox>
			<xmin>149</xmin>
			<ymin>91</ymin>
			<xmax>158</xmax>
			<ymax>101</ymax>
		</bndbox>
	</object>
	<object>
		<name>Black Measles</name>
		<pose>Unspecified</pose>
		<truncated>Unspecified</truncated>
		<difficult>Unspecified</difficult>
		<bndbox>
			<xmin>83</xmin>
			<ymin>147</ymin>
			<xmax>95</xmax>
			<ymax>158</ymax>
		</bndbox>
	</object>
</annotation>