<annotation>
	<folder>my-project-name</folder>
	<filename>7dc3c7a2-d088-410c-91d5-cb1de4698cc7___FAM_B.Rot 0331_final_masked.jpg</filename>
	<path>/my-project-name/7dc3c7a2-d088-410c-91d5-cb1de4698cc7___FAM_B.Rot 0331_final_masked.jpg</path>
	<source>
		<database>Unspecified</database>
	</source>
	<size>
		<width>256</width>
		<height>256</height>
		<depth>3</depth>
	</size>
	<object>
		<name>Black Rot</name>
		<pose>Unspecified</pose>
		<truncated>Unspecified</truncated>
		<difficult>Unspecified</difficult>
		<bndbox>
			<xmin>149</xmin>
			<ymin>114</ymin>
			<xmax>165</xmax>
			<ymax>134</ymax>
		</bndbox>
	</object>
</annotation>